#{"t_start": 1783669836.3945048, "env_id": "LunarLander-v3"}
r,l,t
290.525153,289,3.831667
276.328622,314,4.765707
58.943925,225,5.536804
256.834935,238,7.761388
84.123855,270,8.714566
296.113086,315,9.580086
235.305354,298,10.595664
240.43665,291,12.809355
291.095365,319,13.965508
277.764876,288,14.867361
257.618448,297,16.922768
275.769436,346,17.916345
262.283883,315,19.022969
298.060219,316,21.026476
50.179027,217,21.630646
237.722124,256,22.44052
42.794112,204,22.897549
269.316185,286,23.541348
261.565387,291,25.310191
176.695513,984,29.467255
