#{"t_start": 1783669958.3059385, "env_id": "LunarLander-v3"}
r,l,t
252.862538,330,3.702603
268.9844,265,4.405518
296.605648,270,5.12284
254.377615,314,7.500591
281.631221,304,8.475402
279.511211,332,9.36603
261.683052,302,11.158889
294.822294,237,11.795129
274.153425,330,12.75136
130.583453,1000,16.980591
230.76106,272,17.720557
48.472006,182,19.44257
284.390335,291,20.436186
291.749336,329,21.368268
289.101203,309,22.160514
310.153951,266,23.921768
268.026591,345,24.910899
272.694813,313,25.819299
249.577614,286,27.883503
286.124236,252,28.638725
286.953525,361,29.734413
